{
  "project_info": {
    "project_number": "233456106813",
    "firebase_url": "https://printto-7bba6.firebaseio.com",
    "project_id": "printto-7bba6",
    "storage_bucket": "printto-7bba6.appspot.com"
  },
  "client": [
    {
      "client_info": {
        "mobilesdk_app_id": "1:233456106813:android:fe87da7a041c82e6",
        "android_client_info": {
          "package_name": "com.printto.printtoapp"
        }
      },
      "oauth_client": [
        {
          "client_id": "233456106813-r71e2i69ofvc603m082ils1etg3mir3b.apps.googleusercontent.com",
          "client_type": 3
        }
      ],
      "api_key": [
        {
          "current_key": "AIzaSyDEjT4SaNmEQZVDXJxWUDkPuc90xZPM2-4"
        }
      ],
      "services": {
        "analytics_service": {
          "status": 1
        },
        "appinvite_service": {
          "status": 1,
          "other_platform_oauth_client": []
        },
        "ads_service": {
          "status": 2
        }
      }
    }
  ],
  "configuration_version": "1"
}